Referencia|Departamento|Sección|Título|Texto
BOE-A-2020-4441|Ministerio de Industria, Comercio y Turismo|I. Disposiciones generales|Orden ICT/343/2020, de 6 de abril, por la que se aprueban las primas aplicables a la línea de circulante de la Compañía Española de Seguros de Crédito a la Exportación, SA, en el contexto de los efectos del COVID-19.|El 17 de marzo de 2020, se publicó en el «Boletín Oficial del Estado» el Real Decreto-ley 8/2020, de 17 de marzo, de medidas urgentes extraordinarias para hacer frente al impacto económico y social del COVID-19. El artículo 31 de dicho Real Decreto-ley recoge una línea extraordinaria de cobertura de circulante aseguradora por parte de la Compañía Española de Seguros de Crédito a la Exportación, S. A. (en adelante, CESCE), por un importe de 2.000 millones de euros (en adelante «Línea» o «Línea de circulante»).. La Comisión de Riesgos por cuenta del Estado (en adelante, CRE) aprobó, en la sesión extraordinaria de 27 de marzo de 2020 y en la sesión de 30 de marzo de 2020, la propuesta de CESCE para la puesta en marcha de esta Línea prevista en el Real Decreto-ley 8/2020, de 17 de marzo. En la propuesta presentada por el Agente Gestor a la CRE, figuran las tarifas aplicables a esta Línea, que se aplicarán siendo coherente tanto con los precios establecidos por la Comisión Europea en su Comunicación respecto del establecimiento de un marco temporal para la concesión de ayudas de Estado para apoyar la economía en el contexto actual de los efectos del COVID-19, como con los precios establecidos por el Instituto de Crédito Oficial (en adelante, ICO) en su línea de avales de 20.000 millones de euros, aprobada también por el Real Decreto-ley 8/2020, de 17 de marzo.. En virtud del artículo 34 del Real Decreto 1006/2014, de 5 de diciembre, por el que se desarrolla la Ley 8/2014, de 22 de abril, sobre cobertura por cuenta del Estado de los riesgos de la internacionalización de la economía española, la CRE tiene entre sus funciones la de proponer y elevar para su aprobación a la Ministra de Industria, Comercio y Turismo las tarifas aplicables a la cobertura de las operaciones de la cuenta del Estado.. Una vez analizada por la CRE, y conforme al acuerdo resultante de las referidas reuniones, la CRE aprobó la puesta en marcha de la Línea y la elevación de las tarifas aplicables a la Ministra de Industria, Comercio y Turismo para su aprobación.. Por todo ello, en cumplimiento de lo establecido en el artículo 34 del Real Decreto 1006/2014 de 5 de diciembre, por el que se desarrolla la Ley 8/2014, de 22 de abril, sobre cobertura por cuenta del Estado de los riesgos de la internacionalización de la economía española, resuelvo:. Aprobar, conforme a lo previsto en los artículos 7 y 8.c) de la Ley 8/2014, de 22 de abril, y el artículo 34 del Real Decreto 1006/2014, de 5 de diciembre, la propuesta de tarifas analizada y elevada por la Comisión de Riesgos del Estado en sus reuniones celebradas el 27 y 30 de marzo de 2020.. La presente orden surtirá efectos desde la fecha en que se dicte, de acuerdo con lo establecido en el artículo 39.1 de la Ley 39/2015, de 1 de octubre, del Procedimiento Administrativo Común de las Administraciones Públicas.. Contra la presente orden, que pone fin a la vía administrativa, podrá interponerse potestativamente recurso de reposición ante el mismo órgano que la ha dictado en el plazo de un mes, contado a partir del día siguiente al de su publicación, de conformidad con los artículos 123 y 124 de la Ley 39/2015, de 1 de octubre, del Procedimiento Administrativo Común de las Administraciones Públicas o bien podrá interponerse directamente recurso contencioso-administrativo, ante la Sala de lo Contencioso-Administrativo de la Audiencia Nacional, en el plazo de dos meses a contar desde el día siguiente al de la publicación, de conformidad con lo dispuesto en los artículos 11 y 46.1 de la Ley 29/1998, de 13 de julio, reguladora de la Jurisdicción Contencioso-administrativa. No podrá interponerse recurso contencioso-administrativo hasta que sea resuelto expresamente o se haya producido la desestimación presunta del recurso de reposición.. Madrid, 6 de abril de 2020.–La Ministra de Industria, Comercio y Turismo, María Reyes Maroto Illera.. En relación con la línea extraordinaria de cobertura de circulante aseguradora por parte de CESCE por un importe de 2.000 millones de euros,. I. La CRE, en sesión de 27 de marzo de 2020, aprueba la siguiente propuesta de CESCE:. «Que se eleve para su aprobación la propuesta de primas recogida en la nota, correspondiente a las tarifas mínimas establecidas por la UE en su reciente Comunicación, que se anexa a esta nota, de manera que sean de aplicación para las operaciones aprobadas con cargo a la Línea.». II. La CRE, en sesión de 30 de marzo de 2020, aprueba la siguiente propuesta de CESCE relativa a la cobertura de operaciones «de minimis»:. «Aplicación de las normas de minimis cuando los créditos cumplan con las características que las hacen aplicables.». Beatriz Reguero Naredo, Directora del Área de la Cuenta del Estado de CESCE declara que, en desarrollo de la propuesta aprobada por la CRE de 27 de marzo de 2020 a la que se alude en el punto I anterior, las tarifas aplicables serán las siguientes:. CESCE.  . Cobertura. –. Porcentaje.  . (1)  Precios Linea ICO. Tasas anuales expresadas en puntos básicos.. (2)  Precios Marco TeMporal. La prima se calcula sobre la suma asegurada.. Estas primas cumplen los precios mínimos establecidos en la Comunicación de la Comisión de la UE Marco Temporal relativo a las medidas de ayuda estatal destinadas a respaldar la economía en el contexto del actual brote de COVID-19 de 20 de marzo de 2020 y su modificación de 4 de abril de 2020.. Las primas reflejan las aprobadas por la Comisión Europea a través de:. – En lo que respecta a la cobertura al 80% de créditos a Pymes, así como la cobertura al 70% o al 60% de créditos a no Pymes, los precios son los recogidos en la Decisión de la Comisión Europea SA.56803 relativa a la Notificación de España de un esquema de garantías a favor de empresas y autónomos para apoyar a la economía en brote del COVID-19 (Línea de avales de ICO).. – En lo que respecta a la cobertura al 80% de riesgos con empresas que no tengan la consideración de Pymes, los precios son los publicados en la Comunicación de la Comisión de la UE Marco Temporal relativo a las medidas de ayuda estatal destinadas a respaldar la economía en el contexto del actual brote de COVID-19 de 20 de marzo de 2020 y su modificación de 4 de abril de 2020.. En caso de que, en el futuro, la Comisión Europea aprobara expresamente primas para otros supuestos de porcentaje de cobertura, distintos a los recogidos en el cuadro anterior, dichas primas serían de aplicación.. Y que, en desarrollo de la propuesta aprobada por la CRE de 30 de marzo de 2020 a la que se alude en el punto II anterior, la tarifa aplicable será la siguiente:. El precio aplicable es de 20 puntos básicos sobre el saldo del importe avalado.. Se entiende por operaciones «de minimis» aquellos créditos de hasta un máximo de 1,5 millones de euros en una o varias operaciones de préstamo a empresas, que cumplan las disposiciones específicas del Reglamento (UE) n.° 1407/2013 de la Comisión, de 18 de diciembre de 2013, relativo a la aplicación de los artículos 107 y 108 del Tratado de Funcionamiento de la Unión Europea a las ayudas de minimis.. Madrid, 6 de abril de 2020.–La Directora de Área de Cuenta del Estado CESCE, S.A., Beatriz Reguero Naredo.. 
BOE-A-2020-4442|Ministerio de Sanidad|I. Disposiciones generales|Orden SND/344/2020, de 13 de abril, por la que se establecen medidas excepcionales para el refuerzo del Sistema Nacional de Salud y la contención de la crisis sanitaria ocasionada por el COVID-19.|El Real Decreto 463/2020, de 14 de marzo, por el que se declara el estado de alarma para la gestión de la situación de crisis sanitaria ocasionada por la COVID-19, contempla una serie de medidas dirigidas a proteger el bienestar, la salud y seguridad de los ciudadanos y la contención de la progresión de la enfermedad.. El artículo 4.2.d) del citado Real Decreto 463/2020, de 14 de marzo, determina que, para el ejercicio de las funciones previstas en el mismo y bajo la superior dirección del Presidente del Gobierno, el Ministro de Sanidad tendrá la condición de autoridad competente delegada, tanto en su propia área de responsabilidad como en las demás áreas que no recaigan en el ámbito específico de competencias de los demás Ministros designados como autoridad competente delegada a los efectos de este real decreto.. En concreto, de acuerdo con lo establecido en el artículo 4.3 del Real Decreto 463/2020, de 14 de marzo, el Ministro de Sanidad queda habilitado para dictar las órdenes, resoluciones, disposiciones e instrucciones interpretativas que, dentro de su ámbito de actuación como autoridad delegada, sean necesarias para garantizar la prestación de todos los servicios, ordinarios o extraordinarios, en orden a la protección de personas, bienes y lugares, mediante la adopción de cualquiera de las medidas previstas en el artículo once de la Ley Orgánica 4/1981, de 1 de junio, de los estados de alarma, excepción y sitio.. Asimismo, el artículo 8.2 del citado Real Decreto 463/2020, de 14 de marzo, dispone que las autoridades competentes delegadas podrán imponer la realización de prestaciones personales obligatorias imprescindibles para la consecución de los fines del real decreto.. Igualmente, de acuerdo con el artículo 12.4 del citado real decreto, las autoridades competentes delegadas podrán adoptar medidas para determinar la mejor distribución en el territorio de todos los medios técnicos y personales, de acuerdo con las necesidades que se pongan de manifiesto en la gestión de esta crisis sanitaria.. Por otro lado, la Ley 33/2011, de 4 de octubre, General de Salud Pública estableció en su artículo 13.3 el mandato para la creación de una Red de Vigilancia en Salud Pública, que incluya tanto un sistema de alerta precoz como de respuesta rápida y que esté en funcionamiento continuo e ininterrumpido las veinticuatro horas del día. En cumplimiento de este mandato, y mediante el Real Decreto 2210/1995, de 28 de diciembre, se creó la Red nacional de vigilancia epidemiológica, que permite la recogida y el análisis de la información epidemiológica con el fin de poder detectar problemas que supongan un riesgo para la salud, contribuir a la aplicación de medidas de control individual y colectivo y difundir la información a las autoridades competentes. Asimismo, como parte de esta Red nacional de vigilancia se estableció la obligación de notificar aquellas enfermedades recogidas en el anexo I del citado real decreto, y entre las que se encuentra el SARS, disponiéndose además respecto de dicha enfermedad en el artículo 13.1.a) del citado real decreto su notificación con carácter de urgencia y por el medio más rápido posible, tan pronto se detecte su existencia.. En atención a lo anterior, y dado que el SARS-CoV-2 (COVID-19) es un subtipo de la familia SARS, existe la obligación de que dicha enfermedad sea notificada tan pronto se detecte un nuevo caso con la máxima urgencia y por el medio más rápido posible, correspondiendo a las comunidades autónomas, en su ámbito competencial, establecer el procedimiento al efecto.. En este marco, mediante la presente orden se dispone la obligación por parte de los centros, servicios y establecimientos sanitarios de diagnóstico clínico de titularidad privada estar disponibles para entrar a formar parte o reforzar los circuitos de diagnóstico ya existentes, y de notificar a la autoridad sanitaria competente de la comunidad autónoma los casos de COVID-19 diagnosticados. Las autoridades de salud pública de la comunidad autónoma establecerán los procedimientos y el circuito para cumplir con los objetivos y con las tareas de vigilancia y contención de la epidemia.. Por otra parte, con el fin de reforzar el Sistema Nacional de Salud, se pone a disposición de las comunidades autónomas cualquier centro, servicio y establecimiento sanitario de diagnóstico clínico, que a la fecha de entrada en vigor de la orden no esté prestando servicios al Sistema Nacional de Salud. Esta puesta a disposición incluye la posibilidad de adoptar las medidas necesarias para la regulación de los precios de las pruebas diagnósticas para la detección del COVID-19, con el objeto de evitar situaciones abusivas en el acceso a este servicio.. Igualmente, se limita la realización de las pruebas diagnósticas para la detección del COVID-19 a aquellos casos en los que exista una prescripción previa por un facultativo y se ajusten a criterios establecidos por la autoridad sanitaria competente.. Finalmente, se establece la obligación por parte de las comunidades autónomas de trasladar la información obtenida en aplicación de la presente orden al Ministerio de Sanidad, previa solicitud, así como la facultad del Ministerio de Sanidad de adoptar las medidas oportunas en base a criterios de necesidad y urgencia, con el objetivo de garantizar los principios de equidad y cohesión.. En su virtud, resuelvo:. 1. Las comunidades autónomas tendrán a su disposición los centros, servicios y establecimientos sanitarios de diagnóstico clínico de titularidad privada ubicados en su comunidad autónoma que no estén prestando servicio en el Sistema Nacional de Salud, así como su personal.. 2. En todo caso, la realización de pruebas diagnósticas por los citados centros, servicios y establecimientos de diagnóstico clínico para la detección del COVID-19 quedará sujeta al cumplimiento de los requisitos establecidos en el apartado segundo.. 3. La puesta a disposición de medios a que se refiere el apartado 1 incluye la posibilidad de adoptar las medidas necesarias para la regulación de los precios de las pruebas diagnósticas para la detección del COVID-19, con el objeto de evitar situaciones abusivas en el acceso a este servicio.. La indicación para la realización de pruebas diagnósticas para la detección del COVID-19 deberá ser prescrita por un facultativo de acuerdo con las directrices, instrucciones y criterios acordados al efecto por la autoridad sanitaria competente.. 1. Todos los centros, servicios y establecimientos sanitarios de diagnóstico clínico, con independencia de su titularidad, deberán notificar a la autoridad sanitaria competente de la comunidad autónoma en la que se encuentren ubicados y/o presten sus servicios, los casos de COVID-19 confirmados de los que hayan tenido conocimiento tras la realización de las correspondientes pruebas diagnósticas.. 2. Asimismo, cualquier entidad de naturaleza pública o privada que, en relación con las pruebas diagnósticas para la detección del COVID-19 adquiera hisopos para toma de muestras, medio de transporte de virus, reactivos de inactivación, kits de extracción de ácidos nucleicos o reacciones de PCR, o test rápidos diagnósticos deberá ponerlo en conocimiento de la autoridad sanitaria competente de la comunidad autónoma en la que se encuentren ubicados y/o presten sus servicios, con indicación expresa del tipo de material, número de unidades adquiridas y destino de uso.. 3. La información a la que se refiere este apartado deberá ser comunicada a la mayor brevedad posible, correspondiendo a la autoridad sanitaria competente de cada comunidad autónoma establecer el procedimiento concreto para su remisión.. 4. Las comunidades autónomas trasladarán al Ministerio de Sanidad, cuando este lo requiera, la información referida en este apartado que solicite.. Una vez recibida esta información, el Ministerio de Sanidad podrá adoptar, en su caso, las medidas oportunas en atención a criterios de necesidad y urgencia, con el objetivo de garantizar los principios de equidad y cohesión.. El incumplimiento de las obligaciones previstas en esta orden podrá ser sancionado con arreglo a las leyes, en los términos establecidos en el artículo diez de la Ley Orgánica 4/1981, de 1 de junio, de los estados de alarma, excepción y sitio.. Corresponde a las autoridades sanitarias competentes de cada comunidad autónoma y de las Ciudades de Ceuta y Melilla dictar las resoluciones, disposiciones e instrucciones interpretativas que, en la esfera específica de su actuación, sean necesarias para garantizar la eficacia de lo dispuesto en esta orden.. Lo previsto en esta orden será de aplicación hasta la finalización del estado de alarma declarado por el Real Decreto 463/2020, de 14 de marzo, y sus posibles prórrogas.. La presente orden producirá efectos el mismo día de su publicación en el «Boletín Oficial del Estado».. Contra la presente orden, se podrá interponer recurso contencioso-administrativo en el plazo de dos meses a partir del día siguiente al de su publicación ante la Sala de lo Contencioso-Administrativo del Tribunal Supremo, de conformidad con lo dispuesto en el artículo 12 de la Ley 29/1998, de 13 de julio, reguladora de la Jurisdicción Contencioso-Administrativa.. Madrid, 13 de abril de 2020.–El Ministro de Sanidad, Salvador Illa Roca.. 
BOE-A-2020-4443|Universidades||Resolución de 17 de marzo de 2020, de la Universidad Nacional de Educación a Distancia, por la que se nombra Profesora Titular de Universidad a doña Clara Isabel Martínez Cantón.|De conformidad con la propuesta formulada por la Comisión constituida para juzgar el Concurso convocado por Resolución de este Rectorado de 18 de diciembre de 2019 (BOE del 28), para la provisión de la plaza de Profesor Titular de Universidad del Área de Conocimiento «Teoría de la Literatura y Literatura Comparada», y habiendo cumplido los requisitos establecidos en las bases de la convocatoria,. Este Rectorado, en uso de las facultades que le confiere el artículo 65 de la Ley Orgánica 6/2001, de 21 de diciembre, de Universidades y demás disposiciones concordantes, ha resuelto nombrar Profesora Titular de Universidad a doña Clara Isabel Martínez Cantón, en el Área de Conocimiento «Teoría de la Literatura y Literatura Comparada», adscrita al Departamento de Literatura Española y Teoría de la Literatura.. Madrid, 17 de marzo de 2020.–El Rector, Ricardo Mairal Usón.. 
BOE-A-2020-4444|Universidades||Resolución de 30 de marzo de 2020, conjunta de la Universidad Complutense de Madrid y la Consejería de Sanidad de la Comunidad de Madrid, por la que se nombra Catedrático de Universidad con plaza vinculada a don Luis Antonio Álvarez-Sala Walther.|De conformidad con la propuesta elevada por la Comisión nombrada para juzgar el concurso n.º 19122-VP, convocado mediante Resolución conjunta de la Universidad Complutense de Madrid y de la Consejería de Sanidad de la Comunidad de Madrid de fecha 17 de octubre de 2019 (BOE de 25 de noviembre), y presentada por el interesado la documentación a que hace referencia la base 10 de la convocatoria,. Este Rectorado, en uso de las atribuciones conferidas por el artículo 65 de la Ley Orgánica 6/2001, de 21 de diciembre, de Universidades, y demás disposiciones concordantes, y la Consejería de Sanidad de la Comunidad de Madrid han resuelto nombrar a don Luis Antonio Álvarez-Sala Walther Catedrático de Universidad, del área de conocimiento de «Medicina», con plaza vinculada a la de Facultativo Especialista de Área, Especialidad de Medicina Interna, Hospital Universitario Gregorio Marañón, adscrita al Departamento de Medicina de la Facultad de Medicina. Código de plaza 26-0069.. Contra la presente Resolución, que pone fin a la vía administrativa, cabe interponer recurso contencioso-administrativo, ante los Juzgados de lo Contencioso-Administrativo de Madrid en el plazo de dos meses, contados desde el día siguiente a su publicación. No obstante, y sin perjuicio de que se pueda ejercitar cualquier otro que se estime procedente, puede optarse por interponer recurso de reposición ante el Rector de la UCM, en el plazo de un mes, contando desde el día siguiente al de su publicación, en cuyo caso no podrá interponer el recurso contencioso-administrativo anteriormente mencionado en tanto no sea resuelto expresamente o se haya producido la desestimación presunta del recurso de reposición interpuesto, conforme a lo previsto en los artículos 123 y 124 de la Ley 39/2015, de 1 de octubre, del Procedimiento Administrativo Común de las Administraciones Públicas.. Madrid, 30 de marzo de 2020.–El Rector, P.D. (Decreto Rectoral 19/2019, de 14 de junio), el Vicerrector de Ordenación Académica, Francisco Javier Montero de Juan.–El Consejero de Sanidad, Enrique Ruiz Escudero.. 
BOE-A-2020-4445|Universidades||Resolución de 30 de marzo de 2020, conjunta de la Universidad Complutense de Madrid y la Consejería de Sanidad de la Comunidad de Madrid, por la que se nombran funcionarios de cuerpos docentes universitarios con plazas vinculadas.|De conformidad con las propuestas elevadas por las Comisiones nombradas para juzgar los concursos para la provisión de plazas de los Cuerpos Docentes Universitarios, convocados mediante Resolución de la Universidad Complutense de Madrid y de la Consejería de Sanidad de la Comunidad de Madrid de fecha 24 de octubre de 2019 (BOE de 25 de noviembre), y presentada por los interesados la documentación a que hace referencia la base 10 de la convocatoria,. Este Rectorado, en uso de las atribuciones conferidas por el artículo 65 de la Ley Orgánica 6/2001, de 21 de diciembre, de Universidades, y demás disposiciones concordantes, y la Consejería de Sanidad de la Comunidad de Madrid han resuelto efectuar los nombramientos que se relacionan en el Anexo.. Contra la presente Resolución, que pone fin a la vía administrativa, cabe interponer recurso contencioso-administrativo, ante los Juzgados de lo Contencioso-Administrativo de Madrid en el plazo de dos meses, contados desde el día siguiente a su publicación. No obstante, y sin perjuicio de que se pueda ejercitar cualquier otro que se estime procedente, puede optarse por interponer recurso de reposición ante el Rector de la UCM, en el plazo de un mes, contando desde el día siguiente al de su publicación, en cuyo caso no podrá interponer el recurso contencioso-administrativo anteriormente mencionado en tanto no sea resuelto expresamente o se haya producido la desestimación presunta del recurso de reposición interpuesto, conforme a lo previsto en los artículos 123 y 124 de la Ley 39/2015, de 1 de octubre, del Procedimiento Administrativo Común de las Administraciones Públicas.. Madrid, 30 de marzo de 2020.–El Rector, P.D.  (Decreto Rectoral 19/2019, de 14 de junio), el Vicerrector de Ordenación Académica, Francisco Javier Montero de Juan.–El Consejero de Sanidad, Enrique Ruiz Escudero.. 
BOE-A-2020-4446|Universidades||Resolución de 30 de marzo de 2020, conjunta de la Universidad Complutense de Madrid y la Consejería de Sanidad de la Comunidad de Madrid, por la que se nombra Catedrático de Universidad con plaza vinculada a don Jesús López-Herce Cid.|De conformidad con la propuesta elevada por la Comisión nombrada para juzgar el concurso n.º 19186-VP, convocado mediante Resolución de la Universidad Complutense de Madrid y de la Consejería de Sanidad de la Comunidad de Madrid de fecha 4 de diciembre de 2019 (BOE del 26), y presentada por el interesado la documentación a que hace referencia la base 10 de la convocatoria, este Rectorado, en uso de las atribuciones conferidas por el artículo 65 de la Ley Orgánica 6/2001, de 21 de diciembre, de Universidades, y demás disposiciones concordantes, y la Consejería de Sanidad de la Comunidad de Madrid han resuelto nombrar a don Jesús López-Herce Cid Catedrático de Universidad del área de conocimiento de «Pediatría», con plaza vinculada a la de Facultativo Especialista de Área, Especialidad de Pediatría, Hospital Universitario Gregorio Marañón, adscrita al Departamento Salud Pública y Materno-Infantil, de la Facultad de Medicina, Código de plaza 26-0070.. Contra la presente Resolución, que pone fin a la vía administrativa, cabe interponer recurso contencioso-administrativo, ante los Juzgados de lo Contencioso-Administrativo de Madrid en el plazo de dos meses, contados desde el día siguiente a su publicación. No obstante, y sin perjuicio de que se pueda ejercitar cualquier otro que se estime procedente, puede optarse por interponer recurso de reposición ante el Rector de la UCM, en el plazo de un mes, contando desde el día siguiente al de su publicación, en cuyo caso no podrá interponer el recurso contencioso-administrativo anteriormente mencionado en tanto no sea resuelto expresamente o se haya producido la desestimación presunta del recurso de reposición interpuesto, conforme a lo previsto en los artículos 123 y 124 de la Ley 39/2015, de 1 de octubre, del Procedimiento Administrativo Común de las Administraciones Públicas.. Madrid, 30 de marzo de 2020.–El Rector, P.D. (Decreto Rectoral 19/2019, de 14 de junio), el Vicerrector de Ordenación Académica, Francisco Javier Montero de Juan.–El Consejero de Sanidad, Enrique Ruiz Escudero.. 
BOE-A-2020-4447|Banco de España|III. Otras disposiciones|Resolución de 9 de abril de 2020, del Banco de España, por la que se publican los cambios del euro correspondientes al día 9 de abril de 2020, publicados por el Banco Central Europeo, que tendrán la consideración de cambios oficiales, de acuerdo con lo dispuesto en el artículo 36 de la Ley 46/1998, de 17 de diciembre, sobre la Introducción del Euro.|CAMBIOS. Madrid, 9 de abril de 2020.‒El Director General de Operaciones, Mercados y Sistemas de Pago, Juan Ayuso Huertas.. 
BOE-B-2020-12746|JUZGADOS DE LO MERCANTIL|IV. Administración de Justicia|A CORUÑA|Don Fernando Santiso Vázquez, Letrado de la Administración de Justicia del Juzgado de lo Mercantil, número 1, de A Coruña, por el presente,. Hago saber:. 1.º Que en los autos seguidos en este órgano judicial con el número Sección I Declaración Concurso Necesario 0000001 /2020 y NIG número 15030 47 1 2020 0000007, se ha dictado en fecha 12 de marzo de 2020, Auto de Declaración de Concurso de la deudora doña Laura Rodríguez Blanco, con DNI número 79331491-Y, cuyo centro de intereses principales lo tiene en Pontedeume.. 2.º Se ha acordado la suspensión de las facultades de Administración y disposición de su patrimonio. Se ha designado, como Administración concursal a don Alberto Francisco Díez Mira, con domicilio postal en c/ Fernando Macias, número 2, 7.º A, A Coruña y dirección electrónica albertodiez@funcionfinanciera.es señalada para que los acreedores, a su elección, efectúen la comunicación de créditos.. 3.º Igualmente se ha acordado el llamamiento de los acreedores para que comuniquen a la Administración Concursal designada la existencia de sus créditos que deberán efectuar conforme a lo previsto en el artículo 85 de la LC, a la dirección postal o electrónica indicadas en el punto anterior, en el plazo de un mes a partir de la última fecha de publicación de este edicto en el Boletín Oficial del Estado.. 4.º Las resoluciones que traigan causa del concurso se publicarán en la siguiente dirección electrónica del Registro Público Concursal.. A Coruña, 27 de marzo de 2020.- El Letrado de la Administración de Justicia, Fernando Santiso Vázquez.. 
BOE-B-2020-12747|JUZGADOS DE LO MERCANTIL|IV. Administración de Justicia|ALICANTE|"Edicto.. Doña Pilar Solanot García, Letrada Administración justicia del Juzgado de lo Mercantil, número 2, de Alicante, por el presente. Hago saber: Que en el procedimiento Concurso Abreviado (CNA) - 000898/2019-K sobre declaración de concurso de la mercantil A. Jordá Samper, Sociedad Limitada, con domicilio en el camí Llorenses, número 37, en Muro de Alcoy (Alicante), y código de identificación fiscal número B-54002530, se ha dictado auto de fecha 18 de febrero de 2020, cuya parte dispositiva es del tenor literal siguiente:. ""Que debo declarar y declaro el concurso voluntario de la entidad mercantil A. Jordá Samper, Sociedad Limitada, con domicilio en el Camí Llorenses, número 37, en Muro de Alcoy (Alicante), y código de identificación fiscal número B-54002530, y simultáneamente concluirlo concluirlo por insuficiencia de masa activa.. Se acuerda la extinción de la entidad mercantil A. Jordá Samper, Sociedad Limitada, y la cancelación de la misma en el registro mercantil, que deberá cursar comunicación a los registros públicos en los términos del artículo 320 del Reglamento del Registro Mercantil,. En el año siguiente a la fecha de la resolución de conclusión de concurso por insuficiencia de masa activa, los acreedores podrán solicitar la reapertura del concurso con la finalidad de que se ejerciten acciones de reintegración, indicando las concretas acciones que deben iniciarse o aportando por escrito hechos relevantes que pudieran conducir a la calificación de concurso como culpable, salvo que se hubiera dictado sentencia sobre calificación en el concurso concluido.. Publíquese la declaración de concurso y su conclusión en extracto por medio de edictos en el Boletín Oficial del Estado, en el tablón de anuncios de este Juzgado y en el Registro Público Concursal.. A tal efecto colóquese el Edicto informativo en el tablón de anuncios de este Juzgado y líbrese oficio al director del Boletín Oficial del Estado.. Notifíquese esta resolución a las partes personadas.. Si no fuera posible la publicidad y remisión de oficios vía telemática, informática y electrónica, entréguense al/a procurador/a del solicitante del concurso los mandamientos y los oficios acordados, autorizándola a realizar cuantas gestiones sean necesarias para una pronta tramitación de los mismos, quien deberá remitirlos de inmediato a los medios de publicidad correspondientes. En caso de incumplimiento o demora le pararan los perjuicios que procedan, incluida la responsabilidad disciplinaria prevista la legislación orgánica y procesal.. Contra esta resolución cabe recurso de apelación ante la Ilustrísima Audiencia Provincial de Alicante a interponer en éste Juzgado en el plazo de veinte días desde su notificación a las partes.. Así lo acuerda, manda y firma don Leandro Blanco García-Lomas, magistrado-juez titular del Juzgado de lo Mercantil número 1 de Alicante, en funciones de sustitución del magistrado-juez titular del Juzgado de lo Mercantil número 2 de Alicante."". Alicante, 18 de febrero de 2020.- La Letrada de la Administración de Justicia, Pilar Solanot García.. "
BOE-B-2020-12748|JUZGADOS DE LO MERCANTIL|IV. Administración de Justicia|BARCELONA|Doña Margarita Marquina Castells, Letrada de la Administración de Justicia del Juzgado de lo Mercantil, n.º 2, de Barcelona,. Hago saber: Que en el Concurso abreviado 993/2012, se dictó en fecha 26 de febrero de 2020, auto por el que se ha declarado concluso el concurso de AIRNOU, S.L., con NIF B60048725.. La resolución es firme por no poder interponerse recurso alguno.. Asimismo se acuerda el archivo de las actuaciones por haber quedado firme el auto que declaró cumplido el convenio.. Barcelona, 26 de febrero de 2020.- La Letrada de la Administración de Justicia, Margarita Marquina Castells.. 
BOE-B-2020-12749|Ministerio de Defensa||Anuncio de formalización de contratos de: Intendencia de Madrid. Objeto: Contrato de servicios para reparaciones incidentales de albañilería,, fontanería y carpintería de las dependencias de la JESAT. Expediente: 2019/AR21U/00001091.|Madrid, 7 de abril de 2020.- El Intendente de Madrid, Juan Ignacio Moreno Zamora.. 
BOE-B-2020-12750|Ministerio de Defensa||Anuncio de formalización de contratos de: Subdirección General de Adquisiciones de Armamento y Material DGAM. Objeto: Acuerdo marco SECOMSAT-D Adquisición de terminales satélite sobre plataformas terrestres. Expediente: 1003219000600.|Madrid, 7 de abril de 2020.- El Subdirector General de Adquisiciones de Armamento y Material de la DGAM, Alfonso Francisco Torán Poggio.. 
BOE-B-2020-12751|Ministerio de Hacienda||Anuncio de formalización de contratos de: Delegación Especial de la Agencia Tributaria en Valencia. Objeto: Suministro de consumibles informáticos para determinados equipos de impresión con destino a dependencias de la Delegación Especial de la AEAT de Valencia. Expediente: 20B70008900.|València, 7 de abril de 2020.- El Delegado Especial de la Agencia Tributaria en Valencia, Manuel Javier Cabrera Pardo.. 
BOE-B-2020-12752|Ministerio de Transportes, Movilidad y Agenda Urbana||Anuncio de formalización de contratos de: Presidencia del Consejo de Administración de la Autoridad Portuaria de Barcelona (Port de Barcelona). Objeto: Reparación daños acontecidos en los diques y zonas adyacentes por el temporal Gloria en el Puerto de Barcelona. OB-GP-P-0852/2020. Expediente: 2020-00038.|Barcelona, 7 de abril de 2020.- La Presidenta, Mercè Conesa i Pagès.. 
BOE-B-2020-12753|Ministerio de Trabajo y Economía Social||Anuncio de formalización de contratos de: Junta de Contratación del Ministerio de Trabajo y Economía Social. Objeto: Servicio de recogida, grabación y depuración de la información de la Encuesta Anual Laboral 2019. Expediente: 1165/2019.|Madrid, 7 de abril de 2020.- El Subdirector General de Administración Financiera, Felipe Díaz Suero.. 
BOE-B-2020-12754|Ministerio de Agricultura, Pesca y Alimentación||Anuncio de formalización de contratos de: Junta de Contratación del Ministerio de Agricultura, Alimentación y Medio Ambiente. Objeto: Adquisición de Kits de diagnóstico para la detección de anticuerpos frente a la glicoproteína gE y gB, mediante el método de Elisa. Expediente: 201906000015.|Madrid, 7 de abril de 2020.- La Presidenta de la Junta de Contratación, Alicia García San Miguel Bossut.. 
BOE-B-2020-12755|Ministerio de Inclusión, Seguridad Social y Migraciones||Anuncio de corrección de errores de: TGSS-Dirección Provincial de Pontevedra. Objeto: Limpieza integral en los locales y edificios pertenecientes a la Dirección Provincial de la Tesorería General de la Seguridad Social de Pontevedra en Vigo, incluidos los servicios de desratización, desinsectación y desinfección, para el periodo del 1 de agosto de 2020 hasta el 31 de julio de 2021. Expediente: 36PA20L37.|"Anuncio por el que se hace pública la corrección de errores del anuncio de 3 de marzo de 2020 publicado en el BOE n.º 69, de 16 de marzo de 2020, por cambio de las fechas de presentación de ofertas y reuniones de la Mesa de Contratación. Se rectifica el apartado 19, donde dice: ""2 de abril de 2020""; debe decir: ""8 de mayo de 2020"". Se rectifica el apartado 21.2.1), donde dice: ""3 de abril de 2020""; debe decir: ""11 de mayo de 2020"". Se rectifica el apartado 21.2.2), donde dice: ""13 de abril de 2020""; debe decir: ""15 de mayo de 2020"".. Vigo, 1 de abril de 2020.- El Director Provincial de la TGSS de Pontevedra en Vigo, Juan Agustín Herrera de la Rubia.. "
BOE-B-2020-12756|Ministerio de Inclusión, Seguridad Social y Migraciones||Anuncio de licitación de: TGSS-Dirección Provincial de Pontevedra. Objeto: Conducción y mantenimiento preventivo y correctivo de todas instalaciones dependientes de la Dirección Provincial de la TGSS de Pontevedra y de ascensores. Expediente: 36PA20M36.|Vigo, 2 de abril de 2020.- El Director Provincial TGSS de Pontevedra en Vigo, Juan Agustín Herrera de la Rubia.. 
BOE-B-2020-12757|Ministerio de Inclusión, Seguridad Social y Migraciones||Anuncio de formalización de contratos de: INSS-Dirección Provincial de Alicante. Objeto: Suministro de material de oficina no incluido en Acuerdo Marco 7/16, para la Dirección Provincial del Instituto Nacional de la Seguridad Social de Alicante en 2020. Expediente: 03/VC-04/20.|Alicante, 7 de abril de 2020.- El Director Provincial, Aurelio  Morales Cortes.. 
BOE-B-2020-12758|Tribunal de Cuentas||Anuncio de formalización de contratos de: Presidencia del Tribunal de Cuentas. Objeto: Contratación de un seguro colectivo de accidentes para el personal que presta sus servicios en el Tribunal de Cuentas. Expediente: 21/20.|Madrid, 7 de abril de 2020.- La Presidenta del Tribunal de Cuentas, María José de la Fuente y de la Calle.. 
BOE-B-2020-12759|Ministerio de Transportes, Movilidad y Agenda Urbana||Resolución de la Autoridad Portuaria de Ferrol-San Cibrao por la que se anuncia el acuerdo de otorgamiento de concesión por el Consejo de Administración.|"El Consejo de Administración de la Autoridad Portuaria de Ferrol-San Cibrao, en uso de las facultades que le confiere el artículo 30.5.n) del Real Decreto Legislativo 2/2011, de 5 de septiembre, por el que se aprueba el texto refundido de la Ley de Puertos del Estado y de la Marina Mercante, aprobó, en su sesión de fecha 26 de febrero de 2020, otorgar una concesión con objeto ""Almacenes, talleres, oficinas y depósitos de combustible"", a la empresa ""Pérez Torres Marítima, S.L."", con las siguientes condiciones:. Código de concesión: C-909.. Concesionario: ""Pérez Torres Marítima, S.L."".. Objeto: Almacenes, talleres, oficinas y depósitos de combustible.. Plazo de vigencia: 5 años.. Superficie: 718 m2.. Tasa de ocupación: 9.956,76 eur/año.. Tasa de actividad: 4 % del volumen de facturación imputable a la concesión. En todo caso la Tasa de Actividad, respetará los límites superior e inferior establecidos en el artículo 188.b del TRLPEMM.. Ferrol, 31 de marzo de 2020.- El Presidente de la Autoridad Portuaria de Ferrol-San Cibrao, José Manuel Vilariño Anca.. "
BOE-B-2020-12760|Ministerio de Transportes, Movilidad y Agenda Urbana||Resolución de la Autoridad Portuaria de Ferrol-San Cibrao por la que se anuncia el acuerdo de otorgamiento de concesión por el Consejo de Administración.|"El Consejo de Administración de la Autoridad Portuaria de Ferrol-San Cibrao, en uso de las facultades que le confiere el artículo 30.5.n) del Real Decreto Legislativo 2/2011, de 5 de septiembre, por el que se aprueba el texto refundido de la Ley de Puertos del Estado y de la Marina Mercante, aprobó, en su sesión de fecha 26 de febrero de 2020, otorgar una concesión con objeto ""Realización de actividades de logística y transporte y otras complementarias a las mismas"", a la empresa ""FM Logistic Ibérica, S.L."", con las siguientes condiciones:. Código de concesión: C-908.. Concesionario: ""FM Logistic Ibérica, S.L."".. Objeto: Realización de actividades de logística y transporte y otras complementarias a las mismas.. Plazo de vigencia: 15 años.. Superficie: 1.534 m2.. Tasa de ocupación: 29.161,63 eur/año.. Tasa de actividad: 3 euros/operación por el tráfico movido por la concesión. En todo caso la Tasa de Actividad, respetará los límites superior e inferior establecidos en el artículo 188.b del TRLPEMM. Ferrol, 31 de marzo de 2020.- El Presidente de la Autoridad Portuaria de Ferrol-San Cibrao, José Manuel Vilariño Anca.. "
BOE-B-2020-12761|Ministerio de Transportes, Movilidad y Agenda Urbana||Resolución de la Autoridad Portuaria de Ferrol-San Cibrao por la que se anuncia el acuerdo de otorgamiento de concesión por el Consejo de Administración.|"El Consejo de Administración de la Autoridad Portuaria de Ferrol-San Cibrao, en uso de las facultades que le confiere el artículo 30.5.n) del Real Decreto Legislativo 2/2011, de 5 de septiembre, por el que se aprueba el texto refundido de la Ley de Puertos del Estado y de la Marina Mercante, aprobó, en su sesión de fecha 29 de enero de 2020, otorgar una concesión con objeto ""Básculas para pesaje de vehículos y mercancías"", a la empresa ""Pérez Torres Marítima, S.L."", con las siguientes condiciones:. Código de concesión: C-895.. Concesionario: ""Pérez Torres Marítima, S.L."".. Objeto: Básculas para pesaje de vehículos y mercancías.. Plazo de vigencia: 10 años.. Superficie: 264 m2.. Tasa de ocupación: 6.368,52 eur/año.. Tasa de actividad: 4 % del volumen de facturación imputable a la concesión. En todo caso la Tasa de Actividad, respetará los límites superior e inferior establecidos en el artículo 188.b del TRLPEMM.. Ferrol, 31 de marzo de 2020.- El Presidente de la Autoridad Portuaria de Ferrol-San Cibrao, José Manuel Vilariño Anca.. "
BOE-B-2020-12762|Ministerio de Transportes, Movilidad y Agenda Urbana||Anuncio de la Autoridad Portuaria de Gijón por el que se somete a información pública solicitud de modificación sustancial de concesión administrativa de la empresa Intercargo Asturias, S.L.|De conformidad con lo previsto en el artículo 85.3 del Texto Refundido de la Ley de Puertos del Estado y de la Marina Mercante, aprobado por Real Decreto Legislativo 2/2011, de 5 de septiembre, en relación con el artículo 83 de la Ley 39/2015, de 1 de octubre, de Procedimiento Administrativo Común de las Administraciones Públicas, por medio del presente se somete a información pública la siguiente solicitud de concesión demanial en la zona de servicio del Puerto de Gijón:. La empresa Intercargo Asturias, S.L., ha solicitado modificación sustancial de la concesión consistente en la ampliación del objeto de la concesión a los servicios comerciales de: Inspección de contenedores y entrega y recepción de mercancías.. La solicitud estará expuesta al público en las dependencias de la Autoridad Portuaria de Gijón, Edificio de Servicios Múltiples (33212 El Musel) - Gijón, durante el plazo de veinte (20) días, contados desde el siguiente al de la publicación del presente anuncio en el Boletín Oficial del Estado.. Cualquier interesado puede presentar dentro de dicho plazo las alegaciones y observaciones que se estimen oportunas a través de la sede electrónica de la Autoridad Portuaria de Gijón (www.puertogijon.gob.es).. EXP2018/006667. Gijón, 25 de marzo de 2020.- El Director General, José Manuel del Arco de Sousa.. 
BOE-B-2020-12763|Ministerio de Agricultura, Pesca y Alimentación||Extracto de la Orden de 19 de marzo de 2020, por la que se convoca para el año 2020 la concesión de ayudas a sindicatos de trabajadores del sector agroalimentario para el desarrollo de sus actividades de colaboración y representación ante la Administración General del Estado, la Unión Europea e Instituciones Internacionales, y para la realización de proyectos de especial interés para el desarrollo y mejora de los trabajadores del citado sector|"BDNS(Identif.):502180. De conformidad con lo previsto en los artículos 17.3.b y 20.8.a de la Ley 38/2003, de 17 de noviembre, General de Subvenciones, se publica el extracto de la convocatoria cuyo texto completo puede consultarse en la Base de Datos Nacional de Subvenciones (http://www.pap.minhap.gob.es/bdnstrans/).. Primero.- Convocatoria.. Se convoca para el ejercicio 2020, en régimen de concurrencia competitiva, la concesión de subvenciones dirigidas a sindicatos de trabajadores del sector agroalimentario. Dichas subvenciones se destinarán únicamente a las actuaciones realizadas en el período comprendido entre el primero de enero del año de su convocatoria y el plazo establecido para la justificación de las mismas.. Segundo.- Beneficiarios.. Podrán ser beneficiarios de las ayudas los sindicatos de trabajadores más representativos en el ámbito estatal de los sectores agroalimentario y medioambiental, previstos en el artículo 2.2 de la Orden de bases reguladora de dichas ayudas.. Tercero.- Solicitudes y plazo de presentación.. Las solicitudes se presentarán en el plazo de veinte días hábiles, contados a partir del día siguiente a la fecha de publicación de este extracto en el ""Boletín Oficial del Estado"", en el Registro Electrónico del Departamento, a través de su sede electrónica (https://sede.mapa.gob.es/portal/site/seMAPA/procedimientos-intermedio?cross_search=theme_type&type_id=2&theme_id=1) según los artículos 14 y 16 de la Ley 39/2015, de 1 de octubre, de Procedimiento Administrativo Común de las Administraciones Públicas.. Cuarto.- Financiación de las ayudas.. La financiación de las subvenciones previstas en esta orden se efectuará con cargo al concepto presupuestario 21.01.411M.484, cuya cuantía total máxima será de trescientos setenta y seis mil cuarenta euros con cero céntimos (376.040,00 €).. Quinto.- Criterio de adjudicación.. La distribución de los fondos y sus cuantías se llevará a cabo de conformidad con lo dispuesto en el artículo 4 de la Orden de bases.. Madrid, 19 de marzo de 2020.- El Ministro de Agricultura, Pesca y Alimentación, P.D. El Subsecretario, Orden APA/21/2019, de 10 de enero (BOE 18/1/2019), Luis Álvarez-Ossorio Álvarez.. "
BOE-B-2020-12764|Ministerio de Agricultura, Pesca y Alimentación||Extracto de la Orden de 19 de marzo de 2020, por la que se convoca para el año 2020 la concesión de subvenciones a entidades asociativas representativas del sector agrario y alimentario por el desarrollo de actividades de colaboración y representación ante la Administración General del Estado y la Unión Europea, así como para la realización de Actividades Específicas de espacial interés para el sector agroalimentario español|"BDNS(Identif.):502163. De conformidad con lo previsto en los artículos 17.3.b y 20.8.a de la Ley 38/2003, de 17 de noviembre, General de Subvenciones, se publica el extracto de la convocatoria cuyo texto completo puede consultarse en la Base de Datos Nacional de Subvenciones (http://www.pap.minhap.gob.es/bdnstrans).. Primero.- Convocatoria.. Se convoca para el ejercicio 2020, en régimen de concurrencia competitiva, la concesión de subvenciones dirigidas a las entidades asociativas del sector agroalimentario. Dichas subvenciones se destinarán únicamente a las actuaciones realizadas en el período comprendido entre el primero de enero del año de su convocatoria y el plazo establecido para la justificación de las mismas.. Segundo.- Beneficiaros.. Podrán ser beneficiarios de las ayudas las organizaciones y entidades previstas en el artículo 2.1 de la Orden de bases reguladoras de dichas ayudas.. Tercero.- Solicitudes y Plazo de presentación.. Las solicitudes se presentarán en el plazo de quince días hábiles, contados a partir del día siguiente a la fecha de publicación de este extracto en el ""Boletín Oficial del Estado"", en el Registro Electrónico del Ministerio de Agricultura, Pesca y Alimentación, a través de su sede electrónica (https://sede.mapa.gob.es/portal/site/seMAPA/procedimientos-intermedio?cross_search=theme_type&type_id=2&theme_id=1) según los artículos 14 y 16 de la Ley 39/2015, de 1 de octubre, de Procedimiento Administrativo Común de las Administraciones Públicas.. Cuarto.- Financiación de las ayudas.. La financiación de las subvenciones previstas en esta orden se efectuará con cargo a los conceptos presupuestarios 21.01.411M.482 y 21.01.411M.483, cuya cuantía total máxima será de un millón setecientos setenta mil quinientos sesenta euros con sesenta y dos céntimos y setecientos cincuenta y un mil seiscientos noventa euros con sesenta y cinco céntimos, respectivamente (1.770.560,62 y 751.690,65 €).. Quinto.- Criterio de adjudicación.. La distribución de los fondos y sus cuantías se llevará a cabo de conformidad con lo dispuesto en el artículo 3 de la Orden de bases.. Madrid, 19 de marzo de 2020.- El Ministro de Agricultura, Pesca y Alimentación, P.D. El Subsecretario Orden APA/21/2019, de 10 de enero (BOE 18/1/2019), Luis Álvarez Ossorio-Álvarez.. "
BOE-B-2020-12765|Ministerio para la Transición Ecológica y el Reto Demográfico||Anuncio de la Confederación Hidrográfica del Segura, O.A. sobre acuerdos adoptados en la Junta de Gobierno sobre Plan Especial de Sequía.|"En la Junta de Gobierno de la Confederación Hidrográfica del Segura, O.A. celebrada el pasado 26 de febrero de 2020, se aprobaron los siguientes acuerdos contemplados en el. Orden del día. En el punto 7 se ha aprobado por unanimidad la aplicación de indisponibilidad o reducción de dotaciones de acuerdo al Plan Especial de Sequía en los siguientes términos:. Primero.- Establecer a partir de marzo de 2020, hasta final del año hidrológico 2019-2020, una reducción del 12% de los derechos concesionales a todos los aprovechamientos de aguas del sistema de los ríos Segura, Mundo y Quípar que no tengan la consideración de regadíos tradicionales anteriores al año 1933 (aprovechamientos ""no tradicionales"").. Segundo.- Establecer a partir de marzo de 2020, hasta final del año hidrológico 2019-2020, una reducción del 7% de los derechos concesionales a todos los aprovechamientos de aguas del sistema de los ríos Segura, Mundo y Quípar que tengan la consideración de regadíos tradicionales anteriores al año 1933 (aprovechamientos ""tradicionales"").. Tercero.- Los acuerdos de los apartados primero y segundo se revisarán, en su caso, en función de la situación hidrológica de la cuenca y de los acuerdos de la próxima Comisión de Desembalse, y como máximo en el mes de mayo de 2020, antes de la campaña de riegos de verano.. En el punto 8, se aprobó por unanimidad el tratar como aguas de peaje los recursos correspondientes a consumo directo que en los meses de noviembre y diciembre de 2019, no han cumplido con las conductividades medias de los recursos del trasvase Tajo-Segura, a petición de la Comunidad de Regantes Riegos de Levante M.I.. En el punto 9, se aprobó por mayoría iniciar el procedimiento para la declaración de la masa de agua subterránea 07.052 Campo de Cartagena, en riesgo de no alcanzar el buen estado cuantitativo o químico (artículo 56 del TRLA).. Por ello y según el artículo 45 de la Ley 39/2015, de 1 de octubre, del Procedimiento Administrativo común de las Administraciones Públicas, procede publicar los citados acuerdos en el Boletín Oficial del Estado.. Murcia, 1 de abril de 2020.- La Secretaria General, Mónica Gonzalo Martínez.. "
BOE-B-2020-12766|Comunidad Autónoma de Andalucía||"Resolución de la Delegación del Gobierno en Huelva de la Secretaría General Provincial de la Consejería de Hacienda, Industria y Energía de la Junta de Andalucía para las autorizaciones administrativas previa y de construcción y declaración de utilidad pública de Proyecto de L.M.T. ""Charquillo"" desde SET ""Repilado"" hasta el ""CDT-TIRO.JABUGO"" en los TT.MM. de Jabugo y La Nava (Huelva) de EDISTRIBUCIÓN REDES DIGITALES, S.L.U., Expediente: 16917-AT."|"ANTECEDENTES DE HECHOS. Primero.- Con fecha 27 de febrero de 2018, la entidad EDISTRIBUCIÓN REDES DIGITALES, S.L.U., con CIF B-82846817, presenta en la entonces Delegación Territorial de Economía, Innovación, Ciencia y Empleo en Huelva, solicitud para la autorización administrativa previa y de construcción y Declaración de utilidad pública del proyecto L.M.T. ""Charquillo"" desde SET ""Repilado"" hasta el ""CDT-TIRO.JABUGO"" en los TT.MM. de Jabugo y La Nava (Huelva), firmado por el ingeniero técnico industrial don Ángel Blanco García, visado por el COITI de Huelva, con n.º 309/2018, de fecha 21 de febrero de 2018, colegiado n.º 1162, y anexo de afecciones firmado por la ingeniera técnica industrial doña Adela Cárdenas Gómez, visado por el COITI de Huelva, con n.º 513/2018, de fecha 23 de marzo de 2018, colegiado n.º 1443, cuyas características principales se detallan a continuación:. - Línea eléctrica subterránea M.T.. 1. Tipo: Línea Subterránea de M... 2. Finalidad: Ampliación y mejora de la calidad del suministro en la zona.. 3 Origen:. Origen 1: Subestación ""REPILADO"".. Origen 2: Apoyo Nuevo n.º 23.. 4. Final:. Final 1: Apoyo Nuevo n.º 1.. Final 2:Celda de MT del CDT-TIRO.JABUGO.. 5. Términos municipales afectados: Jabugo (Huelva).. 6. Tensión: 15 kV.. 7. Longitud línea subterránea:. Línea 1: 320 m.. Línea 2: 453 m.. 8. Número de circuitos: 1.. 9. Número de cables: Tres por circuito.. 10. Material conductor: Aluminio.. 11. Seccion de conductores: 240 mm².. 12. Tensión del cable subterráneo: 18/30 kV.. - Línea eléctrica Aérea M.T.. 1. Tipo: Línea aérea de media tensión.. 2. Finalidad: Ampliación y mejora de la calidad del suministro en la zona.. 3. Origen: Apoyo n.º 1 Nueva.. 4. Final: Apoyo n.º 23 Nueva.. 5. Términos municipales afectados: Jabugo y la Nava (Huelva).. 6. Tensión: 15 kV.. 7. Longitud total: 4.400 m.. 8. Número de circuitos: 1.. 9. Número de cables: Tres por circuito.. 10. Material conductor: Aluminio.. 11. Conductor: LA-110 (94-AL1/22-ST1A).. Segundo.- Con fecha 23 de marzo de 2018 la entidad EDISTRIBUCIÓN REDES DIGITALES, S.L.U., presenta escrito por el que se modifica la relación de afectados presentada con fecha 27 de febrero de 2018, adjuntando una nueva relación.. Tercero.- De conformidad con lo establecido en el Titulo VII, artículo 144 del Real Decreto 1955/2000, de 1 de diciembre, por el que se regulan las actividades de transporte, distribución, comercialización, suministro y procedimientos de autorización de instalaciones de energía eléctrica, se sometió el expediente a información pública, insertándose anuncio, respectivamente, en el Boletín Oficial del Estado n.º 247 de 12 de octubre de 2018, Boletín Oficial de la Provincia de Huelva, n.º 179 de 17 de septiembre de 2018, Boletín Oficial de la Junta de Andalucía, n.º 175, de 10 de septiembre de 2018, y en el Diario Huelva Información de Huelva de fecha 24 de septiembre de 2018. Del mismo modo, se publicó en el tablón de anuncios de los Ayuntamientos de Jabugo del 13 de junio al 10 de julio y de La Nava del 13 de junio al 5 de julio.. Cuarto.- Durante el periodo de información pública se han presentado alegaciones por parte del siguiente afectado:. 1.º - Con fecha 22 de junio de 2018, don Alfonso Toribio Romero Rodríguez en representación de la entidad VACUNOS SELECTOS, S.L., presenta en esta Delegación de Gobierno escrito en el que manifiesta la no oposición al proyecto y asimismo propone un cambio consistente en sustituir la posible indemnización económica por la instalación de puntos de luz en las siguientes parcelas:. - 21043A001000010000ZQ.. - 21043A001000040000ZR.. - 21051A002001950000KW.. - 21043A001000590000ZB.. - 21051A002001930000KU.. - 21051A002001920000KZ.. Habiendo dado traslado de las alegaciones al peticionario con fecha 20 de julio de 2018, se recibe el día 1 de agosto de 2018, escrito de EDISTRIBUCIÓN REDES DIGITALES, S.L.U., en respuesta a dichas alegaciones, manifestando que se va a celebrar una reunión con Vacunos Selectos, S.L., en la que se informará a cada uno de las afecciones del proyecto de referencia sobre sus propiedades y podrán exponer todas las dudas y propuestas que estimen convenientes las cuales serán estudiadas y valoradas.. Teniendo en cuenta, que la tramitación de los nuevos puntos de conexión en baja tensión deben ser solicitados a empresa suministradora conforme al RD 1048/2013, de 27 de diciembre, dicha alegación no cabe tenerla en cuenta al tratarse de un trámite independiente y sin ninguna vinculación contractual con el expediente expropiatorio.. Quinto.- Con fecha de recepción 10 de enero de 2019, se recibe en este Departamento de Energía escrito formulado por la entidad EDISTRIBUCIÓN REDES DIGITALES, S.L.U., por el que se aporta la resolución de fecha 19 de diciembre de 2018, de la Delegación Territorial de Medio Ambiente y Ordenación del Territorio de la AAU del citado proyecto.. Sexto.- Conforme a lo contenido en el Capítulo V del Título VII del Real Decreto 1955/2000, de 1 de diciembre, por el que se regulan las actividades de transporte, distribución, comercialización y según lo establecido en los artículos 127, 131 y 146 del Real Decreto 1955/2000, de 1 de diciembre, se procedió a remitir separatas a las Administraciones, organismos, empresas de servicio público o de interés general en la parte que la instalación pueda afectar a bienes y derechos a su cargo.. Séptimo.- Con fecha 29 de noviembre de 2019, por el Departamento de Energía junto con el Servicio de Industria Energía y Minas de esta Delegación del Gobierno, se informa favorablemente la autorización administrativa previa y de construcción de la instalación indicada y la declaración de la utilidad pública del expediente.. FUNDAMENTOS DE DERECHO. Primero.- Esta Delegación es competente para resolver el presente expediente de conformidad con lo dispuesto en los Reales Decretos 1091/1981, de 24 de abril, y 4164/1982, de 29 de diciembre, por los que se transfieren a la Comunidad Autónoma de Andalucía competencias en materia de Industria; Decreto del Presidente 2/2019, de 21 de enero, de la Vicepresidencia y sobre reestructuración de Consejerías; Decreto 6/2019, de 11 de febrero, por el que se modifica el Decreto del Presidente 2/2019, Decreto 573/2019, de 1 de octubre, por el que modifica el Decreto 101/2019, de 12 de febrero, por el que se regula la estructura orgánica de la Consejería de Hacienda, Industria y Energía (Boja n.º 193, de 7 de octubre de 2019); Decreto 342/2012, de 31 de julio, por el que se regula la organización territorial provincial de la Administración de la Junta de Andalucía; Decreto 32/2019, de 5 de febrero, por el que se modifica el Decreto 342/2012, de 31 de julio, y Resolución de 9 de marzo de 2016, de la Dirección General de Industria, Energía y Minas por la que se delegan determinadas competencias en materia de autorizaciones de instalaciones eléctricas en las Delegaciones Territoriales de la Consejería de Economía, Innovación, Ciencia y Empleo. Real Decreto 1955/2000, de 1 de diciembre, por el que se regulan las actividades de transporte, distribución, comercialización, suministro y procedimientos de autorización de instalaciones de energía eléctrica y demás normativa de aplicación (B.O.E. núm. 310, de 27 de diciembre).. Segundo.- Vistas la Ley 24/2013, de 26 de diciembre, de Sector Eléctrico, el Real Decreto 1955/2000, de 1 de diciembre, por el que se regulan las actividades de transporte, distribución, comercialización, suministro y procedimientos de autorización de instalaciones de energía eléctrica, R.D. 337/2014, de 9 de mayo, por el que se aprueban el Reglamento sobre condiciones técnicas y garantías de seguridad en instalaciones eléctricas de alta tensión y sus Instrucciones Técnicas Complementarias y R.D. 223/2008, de 15 de febrero, por el que se aprueban el Reglamento sobre condiciones técnicas y garantías de seguridad en líneas eléctricas de alta tensión y sus Instrucciones Técnicas Complementarias.. Tercero.- El expediente ha sido tramitado conforme a la Ley 24/2013, de 26 de diciembre, del Sector Eléctrico, el Real Decreto 1955/2000, de 1 de diciembre, por el que se regulan las actividades de transporte, distribución, comercialización, suministro y procedimientos de autorización de instalaciones de energía eléctrica y la Ley de 16 de diciembre de 1954 de Expropiación forzosa.. Cuarto.- Establece la Ley 24/2013, del Sector Eléctrico en sus artículos 54 y 56 lo siguiente:. ""Artículo 54. Utilidad pública.. 1. Se declaran de utilidad pública las instalaciones eléctricas de generación, transporte y distribución de energía eléctrica, a los efectos de expropiación forzosa de los bienes y derechos necesarios para su establecimiento y de la imposición y ejercicio de la servidumbre de paso.. 2. Dicha declaración de utilidad pública se extiende a los efectos de la expropiación forzosa de instalaciones eléctricas y de sus emplazamientos cuando por razones de eficiencia energética, tecnológicas, o medioambientales sea oportuna su sustitución por nuevas instalaciones o la realización de modificaciones sustanciales en las mismas."". ""Artículo 56. Efectos de la declaración de utilidad pública.. 1. La declaración de utilidad pública llevará implícita en todo caso la necesidad de ocupación de los bienes o de adquisición de los derechos afectados e implicará la urgente ocupación a los efectos del artículo 52 de la Ley de 16 de diciembre de 1954, de Expropiación Forzosa.. 2. Igualmente, supondrá el derecho a que le sea otorgada la oportuna autorización, en los términos que en la declaración de utilidad pública se determinen, para el establecimiento, paso u ocupación de la instalación eléctrica sobre terrenos de dominio, uso o servicio público o patrimoniales del Estado, o de las Comunidades Autónomas, o de uso público, propios o comunales de la provincia o municipio, obras y servicios de los mismos y zonas de servidumbre pública."". Quinto.- Así mismo, los art. 57 y 58 de la Ley 24/2013, del Sector Eléctrico, establece las consideraciones y limitaciones de las servidumbres de paso que deberán cumplir la líneas de alta tensión pertenecientes a la instalación, esto es:. ""Artículo 57. Servidumbre de paso.. 1. La servidumbre de paso de energía eléctrica tendrá la consideración de servidumbre legal, gravará los bienes ajenos en la forma y con el alcance que se determinan en la presente ley y se regirá por lo dispuesto en la misma, en sus disposiciones de desarrollo y en la legislación mencionada en el artículo anterior, así como en la legislación especial aplicable.. 2. La servidumbre de paso aéreo comprende, además del vuelo sobre el predio sirviente, el establecimiento de postes, torres o apoyos fijos para la sustentación de cables conductores de energía, todo ello incrementado en las distancias de seguridad que reglamentariamente se establezcan.. 3. La servidumbre de paso subterráneo comprende la ocupación del subsuelo por los cables conductores, a la profundidad y con las demás características que señale la legislación urbanística aplicable, todo ello incrementado en las distancias de seguridad que reglamentariamente se establezcan.. 4. Una y otra forma de servidumbre comprenderán igualmente el derecho de paso o acceso y la ocupación temporal de terrenos u otros bienes necesarios para construcción, vigilancia, conservación, reparación de las correspondientes instalaciones, así como la tala de arbolado, si fuera necesario."". ""Artículo 58. Limitaciones a la constitución de servidumbre de paso.. No podrá imponerse servidumbre de paso para las líneas de alta tensión:. a) Sobre edificios, sus patios, corrales, centros escolares, campos deportivos y jardines y huertos, también cerrados, anejos a viviendas que ya existan al tiempo de decretarse la servidumbre, siempre que la extensión de los huertos y jardines sea inferior a media hectárea.. b) Sobre cualquier género de propiedades particulares, si la línea puede técnicamente instalarse, sin variación de trazado superior a la que reglamentariamente se determine, sobre terrenos de dominio, uso o servicio público o patrimoniales del Estado, Comunidades Autónomas, de las provincias o los municipios, o siguiendo linderos de fincas de propiedad privada."". Vistos los preceptos legales citados y demás de general aplicación, esta Delegación Territorial,. RESUELVE. La Autorización Administrativa Previa y de Construcción y la Declaración de Utilidad Pública.. Correspondiente al proyecto de: L.M.T. ""Charquillo"" desde SET ""Repilado"" hasta el ""CDT-TIRO.JABUGO"" en los TT.MM. de Jabugo y La Nava (Huelva), firmado por el ingeniero técnico industrial don Ángel Blanco García, visado por el COITI de Huelva con n.º 309/2018, de fecha 21 de febrero de 2018, colegiado n.º 1162 y anexo de afecciones firmado por la ingeniera técnica industrial doña Adela Cárdenas Gómez, visado por el COITI de Huelva con n.º 513/2018 de fecha 23 de marzo de 2018, colegiado n.º 1443, cuya titularidad corresponde a EDISTRIBUCIÓN REDES DIGITALES, S.L.U., con CIF: B-82846817, a los efectos señalados en el artículo 56 de la Ley 24/2013, de 26 de diciembre, del Sector Eléctrico y el artículo 52 de la Ley de Expropiación Forzosa, lo que lleva implícita la necesidad de ocupación de bienes o adquisición de los derechos afectados por la citada instalación e implicará la urgente ocupación de los mismos, para el establecimiento de la instalación.. Esta aprobación estará condicionada a los siguientes términos:. Primero.- Las obras deberán realizarse de acuerdo con el proyecto presentado y con las variaciones que en su caso se soliciten y autoricen, sin perjuicio de las autorizaciones que sean preceptivas de otros de organismos afectados.. Segundo.- El director de obra que dará las instrucciones oportunas a la compañía eléctrica y a la empresa instaladora, en su caso. El plazo de ejecución será de 12 meses.. Tercero.- El director de obra firmará y entregará el certificado final de obra una vez que se hayan terminado todos los trabajos de ejecución incluso aquellos llevados a cabo durante el descargo de la red para la conexión de las instalaciones, su puesta en tensión y en carga y se haya verificado la seguridad reglamentaria de las instalaciones. Indicará en su caso, la fecha en la que ha tenido lugar el descargo.. Cuarto.- En el caso de que para mantener el servicio eléctrico haya sido necesario finalizar los trabajos durante un descargo de la red y mientras se tramita la autorización de explotación, la firma del certificado final de obra y su entrega a la compañía eléctrica permitirá la puesta en tensión de las instalaciones durante un periodo de prueba de un mes, poniéndolo en conocimiento de esta Delegación.. Quinto.- La compañía eléctrica estará obligada a comunicar a esta Delegación la finalización de los trabajos mediante la presentación del certificado final de obra y solicitará la autorización de explotación en los términos del artículo 132 del Real Decreto 1955/2000 y el artículo 53. de la Ley 24/2013 del Sector Eléctrico.. Contra la presente resolución, que no pone fin a la vía administrativa, podrá interponer, recurso de alzada ante el Excelentísimo Sr. Consejero de Hacienda, Industria y Energía de la Junta de Andalucía, en el plazo de un mes contado a partir del día siguiente al de su notificación/publicación, de conformidad con lo establecido en los artículos 121 y 122 de la Ley 39/2015, de 1 de octubre, del Procedimiento Administrativo Común de las Administraciones Públicas y en el artículo 115.1 de la Ley 9/2007, de 22 de octubre, de la Administración de la Junta de Andalucía.. Huelva, 2 de diciembre de 2019.- La Delegada del Gobierno, Bella Verano Domínguez.. "
